ID,Name,PhotoUrl
517587210, Tracey Holt, https://randomuser.me/api/portraits/women/21.jpg
401108987, Lillie Howell, https://randomuser.me/api/portraits/women/87.jpg
62022344, Leo Sullivan, https://randomuser.me/api/portraits/men/26.jpg
171767881, Lisa Johnston, https://randomuser.me/api/portraits/women/88.jpg
498996030, Jean Ross, https://randomuser.me/api/portraits/women/53.jpg
77691996, Stanley Pena, https://randomuser.me/api/portraits/men/71.jpg
435098629, Emma Austin, https://randomuser.me/api/portraits/women/16.jpg
473140970, Miriam Jones, https://randomuser.me/api/portraits/women/20.jpg
674601861, Kyle Jackson, https://randomuser.me/api/portraits/men/96.jpg
362523479, Maurice Hart, https://randomuser.me/api/portraits/men/95.jpg
